,city_ID,City,Country,lat,lon,temp,wind,cloudiness,humidity
0,3495137,Pedernales,DO,18.04,-71.74,20.5,0.71,51,82
1,2165087,Gold Coast,AU,-28.0,153.43,25.47,8.7,75,53
2,3874787,Punta Arenas,CL,-53.15,-70.92,8.95,10.3,71,66
3,1006984,East London,ZA,-33.02,27.91,18.56,9.0,22,78
4,3418910,Upernavik,GL,72.79,-56.15,-27.96,4.08,0,50
5,2032614,Baruun-Urt,MN,46.68,113.28,0.02,5.94,0,77
6,1528998,Yumen,CN,40.28,97.2,9.03,9.66,0,12
7,737021,Zonguldak,TR,41.25,31.83,-5.75,0.29,77,96
8,2112309,Katsuura,JP,35.13,140.3,9.09,2.1,75,45
9,2206939,Bluff,NZ,-46.6,168.33,11.11,1.79,51,76
10,1275812,Bhuj,IN,23.27,69.67,23.59,3.99,17,50
11,6089245,Norman Wells,CA,65.28,-126.83,-12.0,1.0,90,85
12,2075265,Busselton,AU,-33.65,115.33,20.9,3.13,30,75
13,5106841,Albany,US,42.6,-73.97,2.16,7.2,75,55
14,3369157,Cape Town,ZA,-33.93,18.42,17.04,0.5,31,77
15,3833367,Ushuaia,AR,-54.8,-68.3,8.0,14.9,40,61
16,2137773,Vao,NC,-22.67,167.48,25.89,6.63,52,73
17,3919085,Coroico,BO,-16.19,-67.73,6.0,5.7,75,87
18,6201424,Mataura,NZ,-46.19,168.86,11.11,1.79,43,76
19,3652764,Puerto Ayora,EC,-0.74,-90.35,26.11,2.24,76,81
20,1015776,Bredasdorp,ZA,-34.53,20.04,16.23,3.6,28,82
21,2122783,Katangli,RU,51.71,143.23,-3.33,3.65,93,75
22,2121385,Severo-Kuril'sk,RU,50.68,156.12,-5.5,2.69,99,80
23,1490256,Talnakh,RU,69.49,88.4,-23.0,4.0,95,76
24,3430863,Mar del Plata,AR,-38.0,-57.56,15.9,2.1,0,82
25,3372964,Lagoa,PT,39.05,-27.98,16.62,3.86,0,80
26,1568574,Qui Nhon,VN,13.77,109.23,27.11,2.11,84,69
27,3372783,Ponta Delgada,PT,37.73,-25.67,13.0,0.5,20,87
28,370737,Malakal,SS,9.53,31.66,24.28,1.88,1,21
29,2092164,Lorengau,PG,-2.02,147.27,26.12,7.33,100,87
30,5563839,Fortuna,US,40.6,-124.16,8.75,1.04,75,75
31,1153035,Kathu,TH,7.92,98.33,30.0,5.7,20,62
32,2618795,Klaksvík,FO,62.23,-6.59,5.0,7.2,76,64
33,964420,Port Elizabeth,ZA,-33.92,25.57,18.0,9.8,0,77
34,3883457,Lebu,CL,-37.62,-73.65,13.87,3.25,7,80
35,292968,Abu Dhabi,AE,24.47,54.37,21.51,1.0,0,73
36,2155415,New Norfolk,AU,-42.78,147.06,21.26,5.1,67,43
37,2126123,Chokurdakh,RU,70.63,147.92,-23.3,0.48,0,88
38,3424607,Tasiilaq,GL,65.61,-37.64,-11.0,1.76,100,85
39,3402591,Castanhal,BR,-1.29,-47.93,25.0,1.0,97,94
40,1337617,Muli,MV,2.92,73.57,29.05,5.32,99,73
41,5855927,Hilo,US,19.73,-155.09,22.64,4.1,75,78
42,2172797,Cairns,AU,-16.92,145.77,26.36,3.1,90,74
43,2112802,Hasaki,JP,35.73,140.83,9.14,2.1,75,36
44,5880054,Barrow,US,71.29,-156.79,-13.0,3.1,40,84
45,2013986,Ust'-Barguzin,RU,53.45,108.98,-0.2,7.51,24,75
46,2377457,Nouadhibou,MR,20.93,-17.03,18.0,9.8,100,72
47,2448083,Agadez,NE,19.75,10.25,19.08,0.92,99,9
48,2212775,Sabha,LY,27.04,14.43,16.6,6.58,0,44
49,2110227,Butaritari,KI,3.07,172.79,28.79,4.22,60,75
50,3366880,Hermanus,ZA,-34.42,19.23,18.33,0.45,44,68
51,625324,Mazyr,BY,52.05,29.25,1.65,3.99,100,81
52,2738381,Lata,PT,40.16,-8.33,9.26,2.68,48,70
53,371745,Kutum,SD,14.2,24.67,14.08,1.47,12,23
54,2063042,Port Hedland,AU,-20.32,118.57,35.0,2.6,0,50
55,1705448,Lubang,PH,13.86,120.12,27.5,9.11,0,73
56,2640377,Penzance,GB,50.12,-5.54,8.88,5.7,100,81
57,3443061,Chui,UY,-33.7,-53.46,17.71,3.34,0,76
58,6185377,Yellowknife,CA,62.46,-114.35,-20.32,3.6,90,48
59,5866583,Saint Paul Harbor,US,57.79,-152.41,5.0,3.1,90,75
60,2128975,Nemuro,JP,43.32,145.57,1.0,5.1,20,50
61,6255012,Flinders,AU,-34.58,150.86,21.49,4.1,40,49
62,1487332,Verkhnyaya Inta,RU,65.98,60.31,-5.82,6.97,98,80
63,1263532,Margherita,IN,27.28,95.68,19.0,2.6,40,72
64,920233,Chibombo,ZM,-14.66,28.07,17.25,1.75,100,97
65,5122534,Jamestown,US,42.1,-79.24,4.4,1.5,90,75
66,3420768,Qasigiannguit,GL,68.82,-51.19,-20.0,6.2,28,48
67,964432,Port Alfred,ZA,-33.59,26.89,17.78,3.13,2,81
68,3430443,Necochea,AR,-38.55,-58.74,14.93,4.92,0,87
69,6170031,Tuktoyaktuk,CA,69.45,-133.04,-8.0,13.4,90,85
70,3831208,Qaanaaq,GL,77.48,-69.36,-23.38,6.08,9,65
71,5379533,Orange Cove,US,36.62,-119.31,5.06,4.1,100,100
72,6165406,Thompson,CA,55.74,-97.86,-13.0,8.2,90,71
73,3396268,Limoeiro do Ajuru,BR,-1.9,-49.38,22.96,0.86,82,96
74,6167817,Torbay,CA,47.67,-52.73,-10.29,1.5,5,72
75,2063056,Port Augusta,AU,-32.5,137.77,30.72,9.8,0,22
76,3372472,Vila Franca do Campo,PT,37.72,-25.43,13.0,0.5,20,87
77,4035715,Avarua,CK,-21.21,-159.78,26.0,5.7,100,94
78,607610,Zhangaözen,KZ,43.3,52.8,1.5,9.96,100,93
79,924206,Phalombe,MW,-15.81,35.65,17.68,2.61,80,98
80,4030556,Rikitea,PF,-23.12,-134.97,27.06,4.67,55,81
81,4034551,Faanui,PF,-16.48,-151.75,28.46,3.0,40,71
82,2163355,Hobart,AU,-42.88,147.33,21.33,5.1,12,43
83,2038665,Alihe,CN,50.57,123.72,-0.55,3.67,0,69
84,4020109,Atuona,PF,-9.8,-139.03,28.09,4.64,67,67
85,3899695,Ancud,CL,-41.87,-73.82,13.0,1.5,20,100
86,5530921,Snyder,US,32.72,-100.92,15.51,2.6,40,100
87,3137469,Sørland,NO,67.67,12.69,2.59,16.76,100,79
88,630166,Berëzovka,BY,53.72,25.5,3.67,4.04,100,93
89,370510,Marabba,SD,12.35,32.18,21.33,3.96,17,13
90,3471451,Arraial do Cabo,BR,-22.97,-42.03,25.79,9.48,100,86
91,1627185,Sijunjung,ID,-0.69,100.95,27.53,0.95,55,73
92,1861416,Ishigaki,JP,24.34,124.16,22.0,3.6,40,56
93,2194098,Ahipara,NZ,-35.17,173.17,19.21,11.56,9,69
94,2122090,Pevek,RU,69.7,170.31,-2.53,10.35,94,78
95,4032243,Vaini,TO,-21.2,-175.2,31.0,9.8,75,74
96,178443,Wajir,KE,1.75,40.06,26.81,6.77,100,70
97,5282297,Bethel,US,41.37,-73.41,2.19,4.1,75,69
98,1735106,George Town,MY,5.41,100.34,28.73,4.1,20,55
99,2138555,Poum,NC,-20.23,164.02,26.86,8.18,1,79
100,3924908,Pimenta Bueno,BR,-11.67,-61.19,22.77,0.6,94,94
101,5954718,Flin Flon,CA,54.77,-101.86,-16.57,4.41,67,86
102,1257540,Sambhal,IN,28.58,78.55,18.72,3.12,0,64
103,1489853,Tazovsky,RU,67.47,78.7,-14.41,7.09,99,91
104,3837213,San Juan,AR,-31.54,-68.54,22.54,1.11,0,52
105,3932145,Pisco,PE,-13.7,-76.22,23.0,8.2,40,78
106,2015306,Tiksi,RU,71.69,128.87,-19.8,2.56,100,94
107,6149374,Slave Lake,CA,55.28,-114.77,-3.0,2.64,90,53
108,708901,Haisyn,UA,48.81,29.39,0.83,4.54,100,54
109,1503527,Khovu-Aksy,RU,51.13,93.6,-0.91,1.11,100,82
110,1623197,Tual,ID,-5.67,132.75,28.58,3.85,7,68
111,5866063,Kenai,US,60.55,-151.26,0.31,4.6,1,58
112,5870133,Nome,US,64.5,-165.41,-1.3,5.7,90,86
113,1263752,Māngrol,IN,21.12,70.12,24.84,3.83,65,40
114,2126199,Cherskiy,RU,68.75,161.3,-3.05,8.54,30,80
115,4149635,Callaway,US,30.15,-85.57,20.37,2.6,90,94
116,1513491,Yangi Marg`ilon,UZ,40.43,71.72,9.44,3.1,85,61
117,5848280,Kapaa,US,22.08,-159.32,22.4,6.7,90,94
118,189741,Lamu,KE,-2.27,40.9,28.7,7.09,100,78
119,1523741,Esik,KZ,43.36,77.45,6.0,2.43,20,52
120,2025256,Chumikan,RU,54.72,135.31,-1.75,6.13,48,70
121,2412408,Nioro,GM,13.35,-15.75,20.91,3.75,24,38
122,1253237,Verāval,IN,20.9,70.37,26.47,5.36,54,17
123,1698289,Pundaguitan,PH,6.37,126.17,27.47,3.34,87,73
124,2068110,Kununurra,AU,-15.77,128.73,34.0,2.6,43,41
125,3105522,Bereda,ES,43.27,-7.54,7.56,3.6,59,76
126,3985710,Cabo San Lucas,MX,22.89,-109.91,20.76,2.6,20,56
127,4173838,Spring Hill,US,28.48,-82.53,23.2,2.6,1,64
128,6100069,Peace River,CA,56.25,-117.29,-4.0,1.05,90,58
129,3869716,Tocopilla,CL,-22.09,-70.2,13.16,1.79,2,50
130,2630299,Hofn,IS,64.25,-15.21,3.77,16.73,100,84
131,2445704,Diffa,NE,13.32,12.61,20.43,3.36,67,13
132,1622318,Waingapu,ID,-9.66,120.26,29.24,1.96,0,66
133,3421765,Nanortalik,GL,60.14,-45.24,-7.7,15.71,0,60
134,1128239,Rūdbār,AF,30.15,62.6,19.22,0.35,0,47
135,2014836,Tupik,RU,54.43,119.93,-2.75,2.13,100,81
136,6541905,Nola,IT,40.92,14.53,8.59,1.5,0,75
137,1645528,Denpasar,ID,-8.65,115.22,30.0,4.1,20,84
138,2729907,Longyearbyen,SJ,78.22,15.64,-25.0,2.6,40,69
139,5961417,Gimli,CA,50.63,-96.99,-5.56,4.92,74,72
140,4975966,Presque Isle,US,46.68,-68.02,-7.3,2.1,20,57
141,2409914,Bonthe,SL,7.53,-12.51,27.06,3.27,46,83
142,3470137,Belmonte,BR,-15.86,-38.88,25.0,1.0,40,83
143,2638534,Sandwick,GB,60.0,-1.25,6.54,15.4,42,81
144,2236053,Abong Mbang,CM,3.98,13.18,20.35,1.06,78,95
145,2033467,Yanji,CN,42.91,129.51,0.47,1.96,96,84
146,3372707,Ribeira Grande,PT,38.52,-28.7,14.49,5.13,91,87
147,10722858,Forsytheganj,BY,52.63,29.73,0.67,4.39,100,97
148,3625929,Tucupita,VE,9.06,-62.05,22.22,1.66,96,94
149,5847411,Kahului,US,20.89,-156.47,24.11,3.6,75,61
150,3347353,Menongue,AO,-14.66,17.69,17.68,2.74,99,98
151,2139521,Noumea,NC,-22.28,166.46,28.16,5.1,90,65
152,1637001,Biak,ID,-0.91,122.88,28.25,3.89,0,74
153,5364271,Laguna,US,38.42,-121.42,6.92,1.5,90,81
154,292672,Sharjah city,AE,25.36,55.4,19.08,1.5,0,77
155,3466704,Castro,BR,-24.79,-50.01,17.62,1.18,99,97
156,1244926,Hambantota,LK,6.12,81.12,25.0,2.1,40,100
157,2122614,Okha,RU,53.57,142.95,-6.52,3.29,100,82
158,2123814,Leningradskiy,RU,69.38,178.42,-3.25,4.14,100,81
159,1819729,Hong Kong,HK,22.29,114.16,20.37,6.2,40,77
160,2126710,Beringovskiy,RU,63.05,179.32,-0.54,9.33,100,96
161,2641434,Northam,GB,51.03,-4.22,6.58,4.1,100,87
162,2512186,Puerto del Rosario,ES,28.5,-13.86,17.0,10.3,90,67
163,2017155,Saskylakh,RU,71.92,114.08,-33.09,6.55,10,91
164,1337610,Thinadhoo,MV,0.53,72.93,28.77,5.46,39,73
165,2030065,Mandalgovi,MN,45.76,106.27,7.6,4.97,87,23
166,4033077,Vaitape,PF,-16.52,-151.75,28.46,3.0,40,71
167,4726206,San Antonio,US,29.42,-98.49,21.27,3.6,90,78
168,3698359,Chicama,PE,-7.84,-79.15,23.0,4.1,90,83
169,934322,Mahébourg,MU,-20.41,57.7,23.31,4.1,75,94
170,114259,Sīrjān,IR,29.45,55.68,10.42,1.81,0,57
171,1649150,Bengkulu,ID,-3.8,102.27,31.89,0.54,20,54
172,110690,Abhā,SA,18.22,42.51,16.48,3.1,100,77
173,1857260,Mikuni,JP,36.22,136.15,11.0,8.7,75,55
174,2208248,Kaitangata,NZ,-46.28,169.85,10.46,3.74,100,61
175,2126682,Bilibino,RU,68.05,166.44,-7.82,2.18,89,85
176,3380290,Sinnamary,GF,5.38,-52.95,26.68,6.91,0,80
177,2070998,Geraldton,AU,-28.77,114.6,22.52,5.7,75,64
178,2352110,Okitipupa,NG,6.5,4.78,25.24,0.74,85,96
179,5859699,College,US,64.86,-147.8,-0.17,1.5,90,94
180,2084442,Vanimo,PG,-2.67,141.3,27.56,2.36,100,74
181,5955902,Fort Nelson,CA,58.81,-122.7,0.0,1.0,75,95
182,4278890,Salina,US,38.84,-97.61,5.73,3.1,90,87
183,5909514,Brooks,CA,50.58,-111.89,-7.78,3.25,0,81
184,1259412,Ponnampet,IN,12.15,75.93,25.0,0.5,20,94
185,3361934,Saldanha,ZA,-33.01,17.94,21.0,3.6,0,49
186,293842,Kiryat Gat,IL,31.61,34.76,13.55,2.1,75,82
187,3402648,Carutapera,BR,-1.2,-46.02,26.0,5.22,100,82
188,2427637,Mongo,TD,12.18,18.69,20.62,2.75,1,13
189,2276492,Harper,LR,4.38,-7.72,24.84,1.53,99,93
190,2101169,Aitape,PG,-3.14,142.35,26.6,1.09,98,79
191,1799552,Nanzhou,CN,29.36,112.4,17.0,4.46,93,63
192,1282256,Hithadhoo,MV,-0.6,73.08,28.86,5.13,61,71
193,876123,Lumeje,AO,-11.55,20.78,19.0,1.24,64,90
194,1630789,Pontianak,ID,-0.03,109.33,29.36,1.35,24,77
195,2142316,Yeppoon,AU,-23.13,150.73,28.0,5.1,20,48
196,3516171,Barra de Tecoanapa,MX,16.52,-98.75,23.73,0.24,4,87
197,3491161,Bull Savanna,JM,17.89,-77.59,18.12,2.32,0,65
198,1539210,Purpe,RU,64.48,76.69,-12.78,0.89,100,74
199,2019118,Nizhniy Tsasuchey,RU,50.52,115.13,3.7,6.2,100,52
200,4301317,Morehead,US,37.27,-87.18,7.2,0.52,90,93
201,103630,Najrān,SA,17.49,44.13,21.0,1.0,69,28
202,1784554,Zhicheng,CN,30.3,111.5,18.89,2.29,86,57
203,3894426,Coyhaique,CL,-45.58,-72.07,12.0,1.0,20,81
204,1507390,Dikson,RU,73.51,80.55,-15.75,13.68,100,93
205,1786867,Yashan,CN,22.2,109.94,21.78,3.97,100,79
206,2294915,Takoradze,GH,4.88,-1.76,25.62,1.75,100,92
207,471909,Vorontsovka,RU,50.61,40.35,-1.89,2.69,0,67
208,3026204,Châteauroux,FR,46.82,1.7,9.57,0.5,90,93
209,863061,Usinsk,RU,65.99,57.53,-2.44,10.53,100,94
210,5924351,Clyde River,CA,70.47,-68.59,-31.0,3.1,75,74
211,107304,Buraidah,SA,26.33,43.98,15.0,2.1,0,72
212,2071860,Esperance,AU,-33.87,121.9,27.0,5.1,40,51
213,5546220,Saint George,US,37.1,-113.58,14.63,4.6,1,58
214,3984997,San Quintín,MX,30.48,-115.95,13.99,2.43,7,69
215,1525376,Bestöbe,KZ,52.5,73.1,1.04,5.62,100,97
216,3571913,Marsh Harbour,BS,26.54,-77.06,22.59,5.44,91,82
217,2018735,Nyurba,RU,63.28,118.33,-11.45,2.08,42,92
218,1529376,Korla,CN,41.76,86.15,3.03,2.6,33,93
219,653272,Kemijärvi,FI,66.71,27.43,-6.01,3.96,96,94
220,1649378,Tambun,ID,-6.26,107.07,30.88,1.5,20,70
221,2171099,Codrington,AU,-38.27,141.97,21.65,5.72,100,50
222,1524325,Ekibastuz,KZ,51.67,75.37,0.91,6.62,100,99
223,1486321,Yar-Sale,RU,66.83,70.83,-6.36,6.92,100,94
224,563990,Dvinskoy,RU,62.15,45.12,-4.89,4.56,99,92
225,2181625,Te Anau,NZ,-45.42,167.72,10.78,2.11,0,56
226,3421719,Narsaq,GL,60.92,-46.05,-10.0,1.5,0,56
227,5354943,Half Moon Bay,US,37.46,-122.43,9.05,3.1,75,71
228,3662927,Pauini,BR,-7.71,-66.98,21.75,0.5,100,99
229,3893726,Constitución,CL,-35.33,-72.42,12.18,2.09,74,93
230,1644605,Galesong,ID,-5.32,119.37,30.0,1.0,20,74
231,3675504,Manaure,CO,11.78,-72.44,25.18,7.61,100,86
232,5110365,Broome,US,42.25,-75.83,2.97,6.2,90,59
233,162158,Baharly,TM,38.44,57.43,15.1,4.33,21,60
234,3939168,Huarmey,PE,-10.07,-78.15,23.65,0.95,99,68
235,4031574,Provideniya,RU,64.38,-173.3,-1.0,6.0,90,86
236,986717,Kruisfontein,ZA,-34.0,24.73,14.87,4.2,40,79
237,1497543,Nizhnevartovsk,RU,60.93,76.55,-15.0,3.0,7,92
238,2167426,Emerald,AU,-23.53,148.17,28.39,4.6,0,42
239,5882953,Aklavik,CA,68.22,-135.01,-6.0,4.6,75,79
240,2074865,Carnarvon,AU,-24.87,113.63,26.0,7.7,40,65
241,4021858,Guerrero Negro,MX,27.98,-114.06,15.58,6.22,100,69
242,505019,Priyutnoye,RU,46.1,43.51,-0.85,0.91,100,55
243,5367788,Lompoc,US,34.64,-120.46,8.54,2.1,20,81
244,3115824,Muros,ES,42.78,-9.06,8.04,2.6,20,87
245,3662762,Porto Velho,BR,-8.76,-63.9,24.0,0.5,40,94
246,53654,Mogadishu,SO,2.04,45.34,28.4,8.86,97,82
247,3577430,Road Town,VG,18.42,-64.62,25.08,7.7,40,78
248,1651810,Airai,TL,-8.93,125.41,27.31,2.38,59,56
249,902721,Mwense,ZM,-10.38,28.7,18.7,0.96,89,96
250,4722062,Redwater,US,33.36,-94.25,11.0,1.5,90,100
251,2017215,Sangar,RU,63.92,127.47,-12.01,2.87,92,87
252,1528796,At-Bashi,KG,41.17,75.81,-9.76,1.54,0,41
253,1571058,Phan Thiet,VN,10.93,108.1,31.18,3.43,53,44
254,3904906,Santa Cruz de la Sierra,BO,-17.8,-63.17,24.0,1.63,75,94
255,3416888,Grindavik,IS,63.84,-22.43,0.53,3.1,90,90
256,777019,Vardø,NO,70.37,31.11,-3.88,13.16,100,81
257,5983720,Iqaluit,CA,63.75,-68.51,-14.2,6.2,90,71
258,72181,Marzuq,YE,14.4,46.47,19.6,0.62,77,65
259,2527087,Tiznit Province,MA,29.58,-9.5,9.62,1.02,0,69
260,3694112,Paita,PE,-5.09,-81.11,26.65,3.11,100,66
261,2191562,Dunedin,NZ,-45.87,170.5,12.22,3.58,51,59
262,2644605,Lerwick,GB,60.15,-1.15,6.5,15.4,42,81
263,1801850,Luorong,CN,24.41,109.61,14.86,2.51,100,88
264,6137462,Saint-Augustin,CA,51.23,-58.65,-11.95,4.0,0,86
265,1106677,Bambous Virieux,MU,-20.34,57.76,23.27,4.1,75,94
266,3700393,Tubualá,PA,9.52,-79.03,26.0,2.1,20,65
267,2180815,Tuatapere,NZ,-46.13,167.68,11.11,1.79,1,76
268,2192362,Christchurch,NZ,-43.53,172.63,13.29,4.6,91,58
269,4946620,Palmer,US,42.16,-72.33,-0.64,4.1,1,59
270,3423146,Ilulissat,GL,69.22,-51.1,-20.0,6.2,28,48
271,2264557,Ponta do Sol,PT,32.67,-17.1,12.88,8.2,40,62
272,8079926,Labuhan,ID,-6.88,112.21,29.37,2.69,10,72
273,6148373,Sioux Lookout,CA,50.1,-91.92,-5.37,3.1,20,49
274,1853371,Ryōtsu-minato,JP,38.08,138.43,7.55,6.7,75,45
275,1067565,Beloha,MG,-25.17,45.05,19.71,2.62,20,97
276,140380,Bojnourd,IR,37.47,57.33,9.0,3.1,75,81
277,2156643,Mount Gambier,AU,-37.83,140.77,27.0,7.7,87,26
278,2016205,Sotnikovo,RU,51.88,107.48,2.0,2.0,75,69
279,3374083,Bathsheba,BB,13.22,-59.52,25.0,4.1,20,73
280,296895,Yerköy,TR,39.64,34.47,-5.36,7.7,100,80
281,4513583,Hamilton,US,39.18,-84.53,6.7,2.15,90,75
282,5557293,Sitka,US,57.05,-135.33,4.0,4.1,90,80
283,935616,Le Port,RE,-20.94,55.29,22.68,0.7,100,83
284,463655,Zenzeli,RU,45.92,47.05,0.5,2.69,99,52
285,2629833,Husavik,IS,66.04,-17.34,1.0,314.3,90,90
286,1787599,Xingyi,CN,24.19,102.82,22.09,2.0,76,47
287,1701054,Marawi,PH,8.0,124.29,27.22,2.24,45,78
288,3894406,Coihueco,CL,-36.62,-71.83,15.77,2.6,100,55
289,515879,Oktyabr'skiy,RU,54.48,53.47,-7.21,3.7,0,91
290,3839307,Rawson,AR,-43.3,-65.1,20.53,6.27,33,51
291,2022572,Khatanga,RU,71.97,102.5,-32.19,3.66,0,95
292,218680,Boende,CD,-0.22,20.87,21.43,1.48,100,99
293,686090,Asău,RO,46.43,26.4,-1.18,2.6,32,63
294,935214,Saint-Pierre,RE,-21.34,55.48,22.79,2.1,75,88
295,2464701,Tataouine,TN,32.93,10.45,13.0,3.1,94,82
296,4360369,Laurel,US,39.1,-76.85,7.38,4.1,90,65
297,933995,Souillac,MU,-20.52,57.52,23.31,4.1,75,94
298,1855540,Naze,JP,28.37,129.48,17.0,2.1,75,55
299,935215,Saint-Philippe,RE,-21.36,55.77,22.74,2.1,75,88
300,556279,Inzer,RU,54.22,57.56,-5.8,3.49,97,94
301,4226552,Tifton,US,31.45,-83.51,19.0,2.1,90,88
302,546521,Kol'chugino,RU,56.3,39.38,-0.53,4.56,100,71
303,4013679,Coahuayana Viejo,MX,18.73,-103.68,23.0,1.81,75,78
304,3351014,Camacupa,AO,-12.02,17.48,16.89,1.45,100,97
305,2303611,Esim,GH,4.87,-2.24,25.62,1.75,100,92
306,3929389,San Miguel de Cauri,PE,-10.1,-76.58,7.55,1.47,100,96
307,3421193,Paamiut,GL,61.99,-49.67,-18.22,4.83,0,48
308,3356832,Henties Bay,NA,-22.12,14.28,16.11,1.75,27,94
309,6137381,Saint-Ambroise,CA,48.55,-71.33,-5.43,3.6,90,57
310,738803,Terme,TR,41.21,36.97,1.0,2.1,75,96
311,3386213,Touros,BR,-5.2,-35.46,25.0,1.0,75,94
312,3451138,Rio Grande,BR,-32.03,-52.1,20.0,4.46,0,83
313,3936456,Lima,PE,-12.04,-77.03,24.0,6.2,40,78
314,3693345,Pucallpa,PE,-8.38,-74.55,28.0,2.1,75,83
315,3580279,Gouyave,GD,12.16,-61.73,24.0,5.18,20,88
316,2158767,Mareeba,AU,-17.0,145.43,25.74,6.2,90,83
317,286987,Nizwá,OM,22.93,57.53,17.25,0.98,0,56
318,3514843,Emilio Carranza,MX,19.97,-96.61,23.31,1.08,2,89
319,2514651,Los Llanos de Aridane,ES,28.66,-17.92,15.05,7.7,20,67
320,1293960,Taunggyi,MM,20.78,97.03,27.8,3.11,67,20
321,4026082,Lázaro Cárdenas,MX,17.96,-102.2,23.91,1.04,0,85
322,1261077,Odlābāri,IN,26.83,88.62,21.96,1.23,0,25
323,3899539,Antofagasta,CL,-23.65,-70.4,18.0,2.1,20,82
324,1816221,Buhe,CN,30.29,112.23,18.89,2.86,82,57
325,2027296,Aykhal,RU,66.0,111.5,-22.0,4.0,100,83
326,2619537,Hvide Sande,DK,56.0,8.13,5.81,6.7,92,81
327,3355672,Lüderitz,NA,-26.65,15.16,17.0,1.5,0,93
328,2732340,Mata,PT,40.68,-7.46,7.86,3.13,100,72
329,2324857,Pindiga,NG,9.98,10.93,21.66,4.27,59,10
330,2239862,Malanje,AO,-9.54,16.34,16.95,1.49,100,98
331,1795632,Shenjiamen,CN,29.96,122.3,12.65,5.92,100,84
332,1633419,Padang,ID,-0.95,100.35,27.84,1.34,100,62
333,3587498,Acajutla,SV,13.59,-89.83,23.89,0.89,0,87
334,786735,Prilep,MK,41.35,21.55,-1.54,1.14,0,86
335,5983607,Inuvik,CA,68.35,-133.72,-6.0,4.6,75,79
336,2122493,Omsukchan,RU,62.53,155.8,-13.69,2.94,100,93
337,2980080,Saint-François,FR,46.42,3.91,7.67,1.0,61,81
338,1214026,Sabang,ID,5.89,95.32,28.77,7.98,100,79
339,1259385,Port Blair,IN,11.67,92.75,28.36,5.16,89,75
340,2435508,Benoy,TD,8.98,16.32,22.25,2.39,71,15
341,556268,Ostrovnoy,RU,68.05,39.51,-9.92,7.85,10,85
342,2997625,Arrondissement de Lons-le-Saunier,FR,46.75,5.75,6.18,1.5,1,86
343,3099174,Głubczyce,PL,50.2,17.83,4.39,5.1,95,64
344,174448,Abu Kamal,SY,34.45,40.92,17.78,6.24,94,50
345,1337619,Ugoofaaru,MV,5.67,73.0,28.46,6.54,100,77
346,2108857,Gizo Government Station,SB,-8.1,156.84,28.42,1.88,95,78
347,3988392,Rosarito,MX,32.33,-117.03,14.04,5.1,75,59
348,2185763,Okato,NZ,-39.2,173.88,15.93,8.94,0,50
349,3421319,Nuuk,GL,64.18,-51.72,-15.0,6.2,0,50
350,6156245,Stephenville Crossing,CA,48.5,-58.43,-13.0,2.1,5,55
351,5802636,Mattawa,US,46.74,-119.9,7.76,2.1,1,45
352,3445026,Vila Velha,BR,-20.33,-40.29,25.21,2.1,20,88
353,1489656,Teya,RU,60.38,92.63,-14.55,4.37,0,72
354,3347019,Mossamedes,AO,-15.2,12.15,23.67,3.53,99,83
355,3832899,Viedma,AR,-40.81,-63.0,20.97,4.59,100,52
356,134721,Fasa,IR,28.94,53.65,7.0,1.21,0,81
357,2214432,Nālūt,LY,30.33,10.85,13.56,11.17,51,70
358,2177091,Ballarat,AU,-37.57,143.85,23.39,2.68,58,41
359,2989755,Octeville,FR,49.63,-1.64,3.54,3.6,27,93
360,2400547,Gamba,GA,-2.65,10.0,24.1,2.42,100,94
361,217389,Demba,CD,-5.51,22.27,20.73,0.87,100,99
362,2013279,Vostok,RU,46.49,135.88,-3.29,2.59,76,83
363,352733,Marsá Maţrūḩ,EG,31.35,27.25,13.0,5.1,40,76
364,3374333,Praia,CV,14.92,-23.51,20.0,6.7,20,68
365,4031637,Lavrentiya,RU,65.58,-171.0,-0.59,5.7,100,96
366,4149959,Cape Canaveral,US,28.41,-80.6,22.21,3.6,1,83
367,3939761,Hualmay,PE,-11.1,-77.61,22.98,1.29,100,72
368,2013727,Vanavara,RU,60.34,102.28,-0.79,5.45,100,95
369,2121025,Srednekolymsk,RU,67.45,153.68,-16.65,2.19,100,88
370,3401845,Conceição do Araguaia,BR,-8.26,-49.26,22.12,1.12,62,98
371,1798760,Pingliang,CN,35.54,106.69,8.11,2.29,0,15
372,2260535,Brazzaville,CG,-4.27,15.28,25.0,1.58,75,94
373,5364022,La Palma,US,33.85,-118.05,11.8,2.1,90,87
374,3663503,Manicoré,BR,-5.81,-61.3,23.0,0.29,52,94
375,3881102,Machalí,CL,-34.18,-70.67,8.22,0.41,0,69
376,5501344,Carson City,US,39.16,-119.77,1.23,1.04,90,100
377,4956335,Yarmouth,US,41.71,-70.23,0.0,2.1,40,59
378,2016307,Solnechnyy,RU,50.72,136.63,-5.02,2.43,23,90
379,1788852,Xining,CN,36.62,101.77,3.46,1.94,0,38
380,829291,Ileza,RU,61.05,43.9,-5.72,3.92,56,92
381,546105,Nikolskoye,RU,59.7,30.79,-3.24,1.0,0,92
382,3836277,Santa Fe,AR,-31.63,-60.7,23.78,1.79,21,74
383,2027316,Ayan,RU,56.45,138.17,-4.88,1.35,78,66
384,2281120,Tabou,CI,4.42,-7.35,24.84,1.53,99,93
385,3761194,Miraflores,MX,19.22,-98.81,16.52,3.1,90,62
386,1518262,Temirtau,KZ,50.05,72.95,4.0,1.0,71,64
387,1626703,Soe,ID,-9.86,124.28,29.92,3.04,0,57
388,3455416,Palmeira das Missões,BR,-27.9,-53.31,18.71,5.28,0,90
389,575521,Bogorodskoye,RU,56.55,37.88,-0.6,4.22,99,77
390,3460148,Januária,BR,-15.48,-44.37,20.65,0.25,100,94
391,5861897,Fairbanks,US,64.84,-147.72,-0.35,1.5,90,95
392,3985168,San Patricio,MX,19.22,-104.7,26.0,2.6,5,83
393,3466950,Carinhanha,BR,-14.3,-43.77,21.06,1.03,93,94
394,5884588,Amos,CA,48.57,-78.12,-3.11,5.7,90,92
395,3533462,Acapulco de Juárez,MX,16.86,-99.89,28.0,2.6,20,74
396,2270258,Caniço,PT,32.63,-16.85,13.32,8.2,40,62
397,1215502,Banda Aceh,ID,5.56,95.32,29.5,2.63,24,66
398,2025630,Chara,RU,56.91,118.26,-7.28,0.97,100,70
399,2125945,Dolinsk,RU,47.35,142.8,0.0,3.0,40,76
400,1650232,Banjar,ID,-8.19,114.97,30.0,4.1,20,84
401,118063,Sabzawār,IR,36.21,57.68,13.18,1.14,33,57
402,1065158,Farafangana,MG,-22.82,47.83,25.46,1.24,0,77
403,1859319,Kitakata,JP,37.65,139.87,6.74,3.6,40,41
404,1122464,Taywarah,AF,33.35,64.42,1.0,1.69,0,81
405,1508427,Charyshskoye,RU,51.4,83.56,1.31,1.74,97,79
406,5746545,Portland,US,45.52,-122.68,11.86,6.7,20,35
407,2146219,Hervey Bay,AU,-25.3,152.85,26.73,7.7,90,50
408,3144987,Beisfjord,NO,68.38,17.6,-2.43,6.7,100,74
409,1852357,Shimoda,JP,34.67,138.95,9.01,5.1,75,53
410,6180550,Whitehorse,CA,60.72,-135.05,1.79,3.1,40,31
411,6355222,Yulara,AU,-25.24,130.99,34.0,4.6,0,9
412,2171465,Clarence Town,AU,-32.58,151.78,21.14,6.2,75,73
413,5955826,Fort Frances,CA,48.6,-93.4,-6.88,4.6,1,57
414,2542997,Marrakesh,MA,31.63,-8.01,11.0,3.6,75,62
415,2758621,Borger,NL,52.92,6.79,4.2,2.1,26,93
416,2063036,Port Lincoln,AU,-34.73,135.87,28.56,5.33,100,24
417,6160919,Taber,CA,49.82,-112.15,-3.63,3.6,5,53
418,3622537,Parrita,CR,9.52,-84.32,22.0,90.5,20,64
419,1512019,Aksarka,RU,66.56,67.8,-6.21,7.47,100,94
420,3123493,Ferrol,ES,43.48,-8.24,8.94,3.6,43,76
421,1526970,Abay,KZ,49.63,72.85,4.0,1.0,65,64
422,1274989,Candolim,IN,15.52,73.76,25.0,1.0,20,94
423,3893629,Coquimbo,CL,-29.95,-71.34,16.0,1.0,90,82
424,1254046,Tura,IN,25.52,90.22,28.56,1.43,0,27
425,2063039,Port Keats,AU,-14.25,129.55,33.22,2.6,9,52
426,1857208,Minamata,JP,32.22,130.4,12.9,2.1,75,50
427,286621,Salalah,OM,17.02,54.09,25.0,1.5,75,73
428,988698,Knysna,ZA,-34.04,23.05,13.0,2.1,1,93
429,6620339,Karratha,AU,-20.74,116.85,30.25,4.66,0,68
430,1717787,Catuday,PH,16.29,119.81,26.49,5.62,23,69
431,58933,Garoowe,SO,8.41,48.48,23.47,5.33,100,73
432,3459712,Joinville,BR,-26.3,-48.85,21.13,2.1,75,94
433,5742974,North Bend,US,43.41,-124.22,12.23,2.1,1,71
434,1496073,Orlik,RU,52.52,99.83,-6.54,7.82,95,54
435,1516438,Zyryanovsk,KZ,49.74,84.27,0.89,0.71,93,72
436,3868626,Valparaíso,CL,-33.04,-71.63,13.88,0.91,4,82
437,1028918,Pemba,MZ,-12.97,40.52,25.3,4.82,100,83
438,898905,Sesheke,ZM,-17.48,24.3,20.0,1.0,99,100
439,2034655,Suihua,CN,46.64,127.0,-1.5,2.65,80,100
440,610864,Khani,GE,41.96,42.96,3.0,1.0,90,93
441,3579925,St. George's,GD,12.06,-61.75,24.0,5.18,20,88
442,5198635,Lock Haven,US,41.14,-77.45,6.33,9.3,90,56
443,3654410,Manta,EC,-0.95,-80.73,27.0,1.0,40,78
444,5554428,Ketchikan,US,55.34,-131.65,6.48,6.2,1,60
445,2236568,Uíge,AO,-7.61,15.06,19.96,0.41,100,98
446,6111862,Port Hardy,CA,50.7,-127.42,10.0,4.1,5,46
447,2012956,Yerbogachën,RU,61.28,108.01,-1.57,3.41,100,96
448,1811260,Fengrun,CN,39.83,118.12,14.75,4.02,0,17
449,2033196,Zhangjiakou,CN,40.81,114.88,6.68,6.93,0,31
450,3517970,Pochutla,MX,15.74,-96.47,28.59,5.1,75,62
451,739914,Şebinkarahisar,TR,40.29,38.42,-11.69,3.57,100,95
452,1733782,Labuan,MY,5.28,115.24,30.39,1.5,75,66
453,583345,Aleksandrov Gay,RU,50.15,48.57,-0.44,2.46,0,82
454,1640660,Gondanglegi,ID,-7.75,112.01,30.23,0.29,14,66
455,4923531,Michigan City,US,41.71,-86.89,3.32,2.9,90,93
456,1488903,Turukhansk,RU,65.82,87.98,-25.59,3.28,89,93
457,197745,Garissa,KE,-0.45,39.64,26.5,4.41,73,75
458,5975034,High Prairie,CA,55.43,-116.49,-4.82,2.37,100,88
459,917748,Choma,ZM,-16.81,26.95,17.28,3.34,90,90
460,1791779,Wanning,CN,18.8,110.4,24.0,3.64,100,75
461,3424901,Aasiaat,GL,68.71,-52.87,-26.28,6.21,42,85
462,3664980,Boa Vista,BR,2.82,-60.67,32.0,2.6,75,49
463,2514301,Mahon,ES,39.89,4.27,15.0,4.6,100,87
464,877631,Namikupa,TZ,-10.83,39.6,21.81,0.25,100,97
465,6050066,La Ronge,CA,55.1,-105.28,-9.0,6.2,40,52
466,5969025,Haines Junction,CA,60.75,-137.51,-7.82,1.11,0,86
467,49747,Oddur,SO,4.12,43.89,21.79,7.22,57,95
468,3353540,Rehoboth,NA,-23.32,17.08,21.0,2.59,61,46
469,2141305,Fayaoué,NC,-20.65,166.53,26.81,6.91,1,78
470,3928924,Satipo,PE,-11.25,-74.64,16.25,1.51,98,97
471,1687186,Sarangani,PH,5.4,125.46,27.55,9.07,99,74
472,609924,Emba,KZ,48.83,58.14,-6.44,3.02,63,73
473,5391295,Salinas,US,36.68,-121.66,8.87,2.6,1,62
474,1712961,Gigmoto,PH,13.78,124.39,26.18,8.83,40,78
475,3430545,Morón,AR,-34.65,-58.62,18.65,1.5,0,88
476,2522890,Tortolì,IT,39.93,9.66,15.0,2.6,75,100
477,2206874,Waipawa,NZ,-41.41,175.52,13.47,13.4,100,71
478,3902377,La Santisima Trinidad,BO,-14.83,-64.9,24.56,0.88,100,93
479,2171722,Charters Towers,AU,-20.1,146.27,29.6,4.74,20,40
480,4535961,Enid,US,36.4,-97.88,9.33,1.5,90,100
481,2214846,Misratah,LY,32.38,15.09,15.75,10.75,67,79
482,2210554,Sirte,LY,31.21,16.59,15.83,8.08,92,76
483,6157536,Stony Plain,CA,53.53,-114.0,-2.43,4.1,90,50
484,3146487,Raudeberg,NO,61.99,5.14,5.15,14.9,100,86
485,4231997,Avera,US,33.19,-82.53,13.95,2.1,90,82
486,1246294,Galle,LK,6.04,80.22,27.08,2.25,97,81
487,2077895,Alice Springs,AU,-23.7,133.88,30.0,7.7,0,25
488,1855342,Nishihara,JP,26.18,127.76,18.24,1.5,20,55
489,1685422,Sulangan,PH,11.14,123.72,26.93,3.3,0,69
490,2136150,Luganville,VU,-15.53,167.17,31.0,2.1,75,74
491,866062,Iskateley,RU,67.68,53.15,-4.42,10.98,100,90
492,149129,Ushirombo,TZ,-3.49,31.96,18.0,1.03,100,97
493,1509844,Boguchany,RU,58.38,97.45,-6.91,7.56,100,82
494,3671387,Puerto Nariño,CO,-3.77,-70.38,26.0,0.7,75,100
495,341877,Bodītī,ET,6.97,37.87,16.6,0.7,100,85
496,5545269,Price,US,39.6,-110.81,8.09,2.6,1,42
497,1253628,Ginda,IN,30.69,78.49,13.12,0.81,0,34
498,3906765,Quime,BO,-16.98,-67.22,10.04,1.37,98,95
499,2027042,Batagay-Alyta,RU,67.8,130.41,-13.94,1.39,100,93
500,2152659,Port Macquarie,AU,-31.43,152.92,20.38,4.6,75,93
501,1250161,Eravur,LK,7.77,81.61,27.95,5.01,97,76
502,5855051,‘Ewa Beach,US,21.32,-158.01,23.0,6.2,90,88
503,2440371,Ouallam,NE,14.32,2.09,26.8,5.07,94,11
504,3412093,Vestmannaeyjar,IS,63.44,-20.27,5.12,7.52,100,77
505,527581,Mendeleyevo,RU,56.03,37.22,0.78,3.0,100,50
506,3860443,Comodoro Rivadavia,AR,-45.87,-67.5,16.0,3.1,75,87
507,477940,Ust-Tsilma,RU,65.44,52.15,-3.17,6.79,100,87
508,2553604,Casablanca,MA,33.59,-7.62,10.25,1.5,21,87
509,3665199,Ariquemes,BR,-9.91,-63.04,23.25,1.28,100,98
510,1792916,Tianpeng,CN,30.99,103.94,17.21,2.0,65,67
511,1524296,Esil,KZ,51.96,66.4,-1.85,5.73,99,95
512,3381538,Grand-Santi,GF,4.25,-54.38,25.35,2.86,51,72
513,2094027,Kieta,PG,-6.22,155.63,28.91,2.54,84,69
514,5972762,Hay River,CA,60.82,-115.8,-19.0,3.6,75,64
515,2109528,Buala,SB,-8.14,159.59,28.34,1.8,40,75
516,569223,Cherepovets,RU,59.13,37.9,0.0,1.0,75,95
517,2027044,Batagay,RU,67.63,134.63,-16.04,1.34,95,88
518,3420846,Qaqortoq,GL,60.72,-46.03,-10.0,1.5,0,56
519,5046001,Sartell,US,45.62,-94.21,-2.43,5.1,1,63
520,3573374,The Valley,AI,18.22,-63.06,24.81,2.1,20,78
521,1626542,Sorong,ID,-0.88,131.25,35.34,0.17,39,42
522,6078372,Moose Factory,CA,51.26,-80.61,-1.0,6.7,90,92
523,5916821,Cardston,CA,49.2,-113.3,-5.55,4.6,5,72
524,2013258,Vrangel',RU,42.73,133.08,0.95,3.07,100,63
525,3444914,Vitória da Conquista,BR,-14.87,-40.84,18.87,2.17,100,98
526,1152222,Mae Hong Son,TH,19.3,97.97,24.0,1.0,20,47
527,2421903,Dinguiraye,GN,11.3,-10.72,24.81,2.09,50,17
528,2278158,Buchanan,LR,5.88,-10.05,26.0,1.57,75,94
529,1714733,Dingle,PH,11.0,122.67,29.61,5.26,1,54
530,3347762,Lubango,AO,-14.92,13.49,15.59,1.88,100,91
531,509017,Pleshanovo,RU,52.83,53.48,-2.86,3.34,94,93
532,64814,Bandarbeyla,SO,9.49,50.81,26.24,5.18,100,80
533,1274987,Kannur,IN,11.87,75.36,25.0,0.5,20,94
534,3572906,Andros Town,BS,24.7,-77.77,22.91,3.1,40,78
535,4852832,Council Bluffs,US,41.26,-95.86,4.95,1.5,90,100
536,5850554,Makakilo City,US,21.35,-158.09,23.0,3.6,90,100
537,1214488,Meulaboh,ID,4.14,96.13,27.43,2.67,26,79
538,3381041,Mana,GF,5.66,-53.78,24.22,1.11,23,87
539,1508894,Borovoy,RU,55.43,86.08,-4.0,4.0,40,79
540,2541479,Nador,MA,35.17,-2.93,10.51,1.0,0,57
541,1850523,Tateyama,JP,34.98,139.87,9.57,2.6,75,48
542,2160735,Lakes Entrance,AU,-37.88,147.98,25.56,1.34,66,49
543,3983805,Santa Rosalía,MX,27.32,-112.28,17.61,3.44,82,49
544,3419842,Sisimiut,GL,66.94,-53.67,-24.19,7.18,16,71
545,4575352,Columbia,US,34.0,-81.03,12.49,1.61,90,71
546,2012530,Zhigansk,RU,66.77,123.37,-21.86,6.7,95,94
547,332288,Lalibela,ET,12.03,39.03,16.09,0.81,18,43
548,3449304,São Desidério,BR,-12.36,-44.97,20.49,0.5,90,94
549,5517061,Big Spring,US,32.25,-101.48,15.7,4.6,1,88
550,1250161,Batticaloa,LK,7.71,81.69,26.89,2.13,81,82
551,934649,Cap Malheureux,MU,-19.98,57.61,23.15,4.1,75,94
552,3614663,Brus Laguna,HN,15.75,-84.48,21.81,0.96,0,95
553,2136825,Isangel,VU,-19.55,169.27,30.0,6.2,75,74
554,2145554,Ulladulla,AU,-35.35,150.47,21.54,4.1,40,49
555,2123979,Kuril'sk,RU,45.23,147.88,-3.04,2.39,92,53
556,3351380,Caconda,AO,-13.73,15.07,16.5,1.19,100,98
557,3685702,Cravo Norte,CO,6.3,-70.2,30.45,3.17,80,40
558,4032420,Neiafu,TO,-18.65,-173.98,30.0,4.6,75,79
559,5392171,San Jose,US,37.34,-121.89,8.93,4.6,75,66
560,3867427,Mayor Pablo Lagerenza,PY,-19.93,-60.77,26.02,0.73,2,72
561,1254709,Tezu,IN,27.92,96.17,23.71,1.25,2,29
562,3444201,Puerto Quijarro,BO,-17.78,-57.77,25.3,0.86,1,79
563,4047434,Russell,US,32.35,-85.2,17.21,4.1,90,82
564,2520645,Cabra,ES,37.47,-4.44,6.91,2.6,20,93
565,3457381,Mauá,BR,-23.67,-46.46,23.76,2.6,97,64
566,4036284,Alofi,NU,-19.06,-169.92,29.0,3.1,75,79
567,1640902,Kawalu,ID,-7.38,108.21,28.33,1.8,99,62
568,1651461,Amuntai,ID,-2.42,115.25,31.39,1.96,6,56
569,162627,Yabrūd,SY,33.97,36.66,10.0,6.2,20,87
570,2064735,Nhulunbuy,AU,-12.23,136.77,31.0,4.1,40,58
571,3372760,Praia da Vitória,PT,38.73,-27.07,16.0,6.91,40,82
572,3388847,São Félix do Xingu,BR,-6.64,-51.99,21.85,0.93,67,97
573,3980627,Valle de Allende,MX,26.93,-105.4,17.54,2.85,33,48
574,98182,Baghdad,IQ,33.34,44.4,14.0,2.1,27,82
575,3661894,Tonantins,BR,-2.87,-67.8,23.74,0.73,98,96
